{
    "Stress and Anxiety": 0.5426829268292683,
    "Confidence and Self-assurance": 0.25,
    "Passion and Motivation": 0.006097560975609756,
    "Professionalism and Maturity": 0.20121951219512196
}