{
    "Candidate Perception": 0.9878048780487805,
    "Patience and Tolerance": 0.012195121951219513
}