{
    "Candidate Perception": 0.9817073170731707,
    "Patience and Tolerance": 0.018292682926829267
}