{
    "Stress and Anxiety": 0.42857142857142855,
    "Professionalism and Maturity": 0.5714285714285714
}