{
    "Stress and Anxiety": 0.8536585365853658,
    "Confidence and Self-assurance": 0.018292682926829267,
    "Professionalism and Maturity": 0.12804878048780488
}